{"cameraMode":{"drawMode":0,"name":"Shaded","section":"Shading Mode"},"sceneLighting":false,"audioPlay":false,"sceneViewState":{"m_AlwaysRefresh":true,"showFog":true,"showSkybox":false,"showFlares":true,"showImageEffects":true,"showParticleSystems":true,"showVisualEffectGraphs":true,"m_FxEnabled":true},"in2DMode":false,"pivot":{"x":-0.4788596034049988,"y":1.8044841289520264,"z":9.431455612182618},"rotation":{"x":-0.008992351591587067,"y":-0.9862115383148193,"z":0.15510979294776917,"w":-0.05717296153306961},"size":1.4391586780548096,"orthographic":false}