{"cameraMode":{"drawMode":0,"name":"Shaded","section":"Shading Mode"},"sceneLighting":true,"audioPlay":false,"sceneViewState":{"m_AlwaysRefresh":true,"showFog":true,"showSkybox":true,"showFlares":true,"showImageEffects":true,"showParticleSystems":true,"showVisualEffectGraphs":true,"m_FxEnabled":true},"in2DMode":false,"pivot":{"x":0.4149477779865265,"y":-0.5336875915527344,"z":15.136393547058106},"rotation":{"x":0.00505745830014348,"y":0.9270903468132019,"z":-0.3745982348918915,"w":0.012516441754996777},"size":10.54953384399414,"orthographic":false}