{"cameraMode":{"drawMode":0,"name":"Shaded","section":"Shading Mode"},"sceneLighting":true,"audioPlay":false,"sceneViewState":{"m_AlwaysRefresh":true,"showFog":true,"showSkybox":true,"showFlares":true,"showImageEffects":true,"showParticleSystems":true,"showVisualEffectGraphs":true,"m_FxEnabled":true},"in2DMode":false,"pivot":{"x":-8.539889335632325,"y":-0.7094559669494629,"z":12.694907188415528},"rotation":{"x":-0.0042776912450790409,"y":0.9342346787452698,"z":-0.3564566671848297,"w":-0.011211350560188294},"size":8.48713207244873,"orthographic":false}