{"cameraMode":{"drawMode":0,"name":"Shaded","section":"Shading Mode"},"sceneLighting":true,"audioPlay":false,"sceneViewState":{"m_AlwaysRefresh":true,"showFog":true,"showSkybox":true,"showFlares":true,"showImageEffects":true,"showParticleSystems":true,"showVisualEffectGraphs":true,"m_FxEnabled":true},"in2DMode":false,"pivot":{"x":6.751683235168457,"y":0.47301650047302248,"z":6.591823577880859},"rotation":{"x":0.01542983390390873,"y":0.9518543481826782,"z":-0.302283376455307,"w":0.04858670011162758},"size":1.9126150608062745,"orthographic":false}