{"cameraMode":{"drawMode":0,"name":"Shaded","section":"Shading Mode"},"sceneLighting":true,"audioPlay":false,"sceneViewState":{"m_AlwaysRefresh":true,"showFog":true,"showSkybox":true,"showFlares":true,"showImageEffects":true,"showParticleSystems":true,"showVisualEffectGraphs":true,"m_FxEnabled":true},"in2DMode":false,"pivot":{"x":2.2004270553588869,"y":5.156991004943848,"z":13.452081680297852},"rotation":{"x":-0.025968264788389207,"y":-0.9368481636047363,"z":0.34144607186317446,"w":-0.07125072181224823},"size":1.5636965036392213,"orthographic":false}