{"cameraMode":{"drawMode":0,"name":"Shaded","section":"Shading Mode"},"sceneLighting":true,"audioPlay":false,"sceneViewState":{"m_AlwaysRefresh":true,"showFog":true,"showSkybox":true,"showFlares":true,"showImageEffects":true,"showParticleSystems":true,"showVisualEffectGraphs":true,"m_FxEnabled":true},"in2DMode":false,"pivot":{"x":-1.1281661987304688,"y":-3.4307923316955568,"z":-4.009981155395508},"rotation":{"x":-0.04869508743286133,"y":-0.9500520825386047,"z":0.24157625436782838,"w":-0.19150497019290925},"size":13.448256492614746,"orthographic":false}